No,tweet,Sentimen
12,a @jaejenay ga kerasa udh setahun ak sekolah onlineğŸ˜­ udah terlanjur nyaman,1
16,"@subtanyarl Wkwkwk biar lebih hemat lah nder, apalagi sekolah ama kuliah online gini kalo pake kuota boros banget",1
18,a @innerchild_ug saking lamanya sekolah online sampe lupa tanggal merah ğŸ¤£,1
25,a @subtanyarl Gua juga pen sekolah offline. Tpi enak online karena santai,1
36,@indo_Osky Wow diem2 selama sekolah online jadi artis wkwkwk,1
48,"klo disuru milih mending sklh online apa offline, gua milih sekolah online",1
55,"gw pengen sehari aja di sekolah, kek dulu sblm pandemi. gw kangen vibesnya :). TAPI GW GAMAU OFFLINE KRN GW UDH COMFORTABLE BELAJAR ONLINE HEHE.",1
72,lucu juga sih masnya nyalahin sekolah online bikin anak-anak jadi malas dan suka nyontek.,1
94,Sekolah lain US nya offline. Untung aku masih online :),1
105,"prefer sekolah onnline, ujian online sih https://t.co/jbFpTxrHWz",1
117,"suka online sih, tapi sekolah aku belajar online cuma dari jam 7 sampai jam 11",1
120,"kalo dipikir-pikir ya, sekarang kan apa-apa online, sekolah online, kerja online, bisnis online. ",1
126,"a @nct_menfess tertarik banget, pagi hingga malem, ngerjain tugas dan sekolah online gue",1
132,Gara2 sekolah online klo ada libur aku gatau itu libur karena apa wkwkwk,1
137,Hahahaa. Masih online? Gmana sekolah gk tatap muka rasanya? Enak kan,1
139,"pls sekolah gue juga termasuk cepet banget adaptasi sama online nya, dari awal corona beneran dua minggu langsung zoom online kek sekolah biasa",1
162,"a @Awqi_Gibran @me_iwan @ruliemaulana Ini bener jg, sih. 

Buat saya, argumentasinya adalah kebetulan 1.7% itu tingkat kematian yg bukan ""nggak kenapa-kenapa"" terutama klo saya sebagai orang tua yg kebetulan punya akses lancar ke sekolah online.",1
164,"a @IanSPCC Bener, saya jg td blg bahwa posisi saya menolak sekolah dibuka adalah sebagai ortu yg kebetulan punya akses lancar ke sekolah online. ",1
175,Kalian lebih suka sekolah offline ap online? Aku enakan online ya,1
181,Bersedia anaknya sekolah tatap muka lagi? Belum mau,1
193,"Perbolehkan tatap muka bagi sekolah dan Guru yang udah siap aja, kalo persiapan masih bobrok mending online.",1
194,"Betul, makanya aku nggak ikut menolak rencana sekolah dibuka karena ya sekolah offline saat pandemi gini BUKAN untuk anakku yang selama ini sekolah online dengan sangat sangat lancar di Zoom. https://t.co/6Hfbgxx4vI",1
200,@JOOHONEYSM hmm tu la kalau first2 ni online mmg tak fhm so nnti masuk sekolah baru senang sikit faham so bersabarlah HAHA,1
225,@pyochiz iyaa online tp yg ak denger si katanya ntar dilaksanainnya disekolah pake komputer sekolah trs ada pengawasnya juga dari pusat tp gatau deh,1
226,"aslinya mau sekolah online tapi ga pengen belajar, pengennya becanda ma adkel, jamkos ke kantin hehe",1
241,pengen sekolah offline atau online? Aku pro online,1
251,"I do want physical school than online , but udah terlanjur nyaman online",1
329,pengen sekolah sm ujiannya online aja lah,1
356,"@pecahtelor iya bisa dipahami, sekolah online itu nuansanya bekerja sih",1
401,"@Matarael @mrshananto Dulu itu kalo ga salah Korsel mengizinkan sekolah tatap muka setelah angka kasus rendah, tapi kemudian muncul klaster sekolah lalu balik ke online lagi. Lah Indonesia angka kasus baru per tgl 3 April aja masih di atas 4ribu. Ini mah namanya nekat",1
446,"a @khabphiii @subtanyarl online/offline jg sama aja si, aku susah komunikasi orangnya. Apalagi kalo kuliah tuh vibesnya udah beda, gak kayak waktu sekolah. Jadi mending online kl akuu",1
926,a @SoundOfYogi saya akui sekolah online efektif dan banyak plusnya,1
931,Besok dah graduate hehehe gak berasa sekolah online setahunnya,1
1070,males sekolah ya mening online aja,1
5,@shizunecarla mentang-mentang sekolah online :),1
6,"@jehianps Terimakasih Ya Umat Kristiani berkat kalian saya hari ini jadi libur sekolah online,ulangan matematika minat saya jadi diundur hehehe(((:",1
7,"@schfess Sebenernya didalem kegiatannya tuh kayak negeri rasa swasta, alias minim jamkos bet bro. Ekskulnya juga pada aktif dan didalemnya. Nugas mulu sih tpi gua jadi ngerti materi at least. Di online kek gini sama aja berasa sekolah biasa malah makin gila tpi gpp kuota snm-nya banyak.",1
31,Terus pagi2 ditelpon sama ibuk camer wkwkw. Minta tolong besok disuruh main ke rumah buat daftarin sekolah online adik ipar wkwkwğŸ¤£ Ketambahan dibeliin ibukku camilan sama pempek huaa enak seneng senenggğŸ˜,1
33,"Ow ya, kalau dilihat2 sekolah disini menekankan banget anak harus punya jam baca yang banyak. Baca apa aja yg sesuai umurnya, ga terbatas cuma pelajaran aja. Sekolah juga kasih akses buku online. Aku aja yg lihat buku2nya ngiler ğŸ˜† andai dulu waktu kecil punya kesempatan kekgitu",1
37,"@thiyut Kok pd gak takut ya anaknya ketularan ğŸ˜©.

Emang sih capek dan stress dampingin anak sekolah online, tp gw masi blm yakin. Lagian anak gw sekelas dikit jg muridnya, kl masuk 50% lah cm bdua doang buat apaan ğŸ¤£",1
43,"@asti_c mungkin efeknya anak lebih addict sama teknologi (karena online class), bisa jg bikin anak ga luwes interaksi sama orang lain? tp mau gimana lagi anak kecil malah lebih rawan susah diatur ntar kalo mereka sekolah malah tukeran masker sama temennya gimana...apa ga horor emaknya ğŸ˜­",1
46,dipikir pikir mending sekolah online drpd offline alias ga seru dikitan,1
50,Udah nyaman sekolah online gimna dong? T-tapi bikin tambah bodoh juga :(,1
53,"@pixshii buat belajar ğŸ˜­ saran ku kalo udh langganan les online lebih bagus bikin jadwal sendiri biar ngga lupaa, enaknya les online tuh bisa belajar materi yg belum dipelajarin di sekolah",1
56,@kakek_99 gue sekolah online aja ada razia kuku fren,1
58,Malah merasa lebih produktif sejak sekolah online. I can do other things sambil sekolah. https://t.co/0AH5Om8BPu,1
59,"@adit_wr @BTannadi @Felicia_Putri online ajalah, mana ada lagi yg beli saham ke BEI langsung kan

kalo orang ga sekolah emang isinya minta ketemuan mulu",1
67,"@collegemenfess Anak sd gapapa kali, masih bisa diawasi orang tua jadi gak keluyuran habis pulang sekolah. Mah kalau smp sma kuliah mending online aja deh. Abis sekolah ya hehahehe sama temen di cafe ğŸ˜‘",1
74,"@falla_adinda Sekolah anakku 4 hari dalam seminggu tatap muka bubek. Dalam kelompok kecil, 1 kelas dibagi 3 kelompok. Datang ga boleh terlalu awal, sesuaikan dg jadwal pembagian jam tatap muka. Materi via online jalan. PTS kemarin diawasi guru pake google meet, memanfaatkan kuota data bantuan.",1
75,"Aku seneng online class karena ga perlu nganter ke sekolah, ga perlu macet2an ğŸ˜…
Toh anaknya juga hepi 

Ke mol juga belum pernah sejak pandemi. Padahal anak owe udah nangis2 mintak ke playground https://t.co/5o5Oy7JnxZ",1
78,@seokjinbros @schfess sekolah online perthatiin nder pas viconnya. biasanya kan ada jeda waktu beberapa menit sebelum pelajaran selanjutnya.. nah pake itu buat nyatet/rapihin catetan mapel yang tadi lagi dipelajarin. trs baru deh pulsek nya nugas,1
80,"@alstries Gua,tpi udh nyaman jg sm sekolah online",1
82,"@Ndrews110611 masnya guru di sekolah jkt kah?

soal dipermudah mungkin karena ada materi yg dipangkas akibat kurikulum esensial selama pandemi.

apakah kalo offline menjamin semua anak bakal rajin dan ga nyontek?

buka sekolah tuh harusnya karena udah siap, bukan karena online anak jd males",1
84,"@rosecalalily @Svastya @nuicemedia Iya saya punya bimbel jadi tau sikon2 sekolah. Cuma sedikit sekolah2 yg disiplin. Rata2 kondisinya yah sprti saya bilang. Yah mau gmana gk mencontek bu, gurunya saja gk bsa menjelaskan dengan baik. Kadang cuma kirim soal dan video ğŸ˜…. Indo gk siap dengan kelas online",1
91,"heran yg setuju sekolah buka karena murid2 jadi males, suka nyontek dll kalo online. itu mah bocahnya aja. mau on/offline kalo bocahnya males ya bakal tetep males. di sekolahku malah ada anak males jadi rajin, grgr belajarnya sendiri (dulu di kelas ada godaan ngobrol sama temen). https://t.co/MAL1HlhL4M",1
93,"@munconvo Enak, apalagi sekolah online gini materi lebih gampang masuk lewat bimbel, terus temen-temennya juga kondusif, belajarnya kayak di sekolah sistemnya, bisa tambahan + chat guru diluar jam bimbel juga kalo butuh",1
112,Udah nyaman sekolah online,1
114,"@alrasG @Amirsiregar13 @MIrvanDarwin1 @amira_suud @ManoharaKamekk @rang_simabua @JumhanaTintin @syafniir @nenggusti @Fahrie_fahrial Mba...walaupun ngajar online guru tetap kirim tugas dan teap bertugas...kok malah lebih berat karena harus memeriksa secara virtual....bikin mata rusak mba....karena mantengin laptopp terus....dan anak anak yg sekolah tetep dapet nilaikan ????
Jadi ga usah bicara materi....yahhh",1
122,@filyamustika aku mau nanti mereka sekolah online aja di youtube sama udemy,1
136,"pagiii!! hari ini sekolah online seperti biasa lagii (setelah sebelumnya jamkos mulu karena kakel USBN)
semangatt yokk semangattğŸ’œ",1
145,"Bila lebih dari separoh responden ingin kembali adanya sekolah tatap muka, ya maklumi

Faktor nya banyak, mulai dari internal, yaitu sulit ngajari di rumah, dan g mampu menyediakan fasilitas belajar online, sampai eksternal, ya pilkada, mall, tempat wisata malah dibuka normal",1
152,"@ricisfrutarian @tanyainrl worth it banget kalo sekolah apalagi online sekarang kan tugasnya disuruh bikin vlog/video posting mulu, jadi hasilnya bagus+mood enak kalo bikin video, gercep",1
158,"Gurunya nolak pembelajaran tatap muka, ortu nolak pembelajaran online diperpanjang

Padahal tuh ya, offline lebih ngeri pak/bu, tau sendiri anak sekolah kadang susah diatur",1
159,"Di sekolah Bumi udah dibagiin angket, nanyain orangtua siapa yang setuju sekolah mulai tatap muka lagi. Dari 20 murid di satu kelas ada sekitar 4 orang yang setuju.
Sisanya masih takut dan lebih memilih belajar online aja.",1
170,"@mutajir_mohamat @firdzaradiany @kamilmoon @neserike @anonblobfish Maaf klo salah tapi terlalu besar resiko yg dipertaruhkan. Bukan hanya prokes di dalam sekolah tapi juga resiko di penjemput, penjual makanan, petugas security, transportasi online, dll tetap menjadi ancaman nyata. Apalagi jika ada lansia di rumah",1
174,"Anyway kan belum tau juga skenarionya gimana, apakah masing2 daerah atau sekolah bisa punya kebijakan sendiri atau engga. Melindungi keluarga tetep wajib, makanya buat anak sendiri masih prefer 100% online.",1
184,"@staewberii tak teruk sangat but masih tak bole lagi pergi sekolah, so dkat sini mesti sekolah online:)",1
187,"@ruliemaulana Cuma, ya sebagai yg punya opsi lain, saya masih tetap berharap bisa sekolah online. 

Ini pandangan saya. Orang lain berpandangan beda, ya silakan.",1
188,"@BuchoriSutrisno @ruliemaulana Sebetulnya sebagai orang tua yg punya akses lancar utk sekolah online, saya masih nggak setuju sih karena anak kan berpotensi tertular. 

Klo ini statusnya bukan pandemi dan anak2 sudah divaksin sih, saya oke. 

Tapi nuduh nggak teredukasi ya salah juga.",1
195,"tapi pas sekolah online bukan berarti kita tambah jauh dong, justru yang ada malah tambah deket. kita pasti sering-sering call, cerita-cerita banyak, bahkan sampe tau kondisi satu sama lain. dan ada disaat pas aku mulai gombalin dia, panggil sayang terus. alasan nya? becanda",1
208,"@dorencu morning, awali pagimu dengan sekolah online",1
209,"Yang komen, pada nyibir mas menteri, udah pada punya anak?, Untung sekolah anak juga sama, semua keputusan diserahkan ke ortu.
Yes, gw masih nga ngebolehin anak2 sekolah tatap muka..walau anaknya udah bosen dan ribut..gw merasa lebih aman sekolah online. https://t.co/SlFQdu77mp",1
214,"@utbkfess klo wktu sekolah mungkin ikut to dr sekolah aja dah cukup ya..  cuman kalo skrng, dr sekolah ga kasi to, les jg ngga. ya mau ga mau ikut to online",1
245,"@tanyainrl Klo semenjak sekolah online sih ga terlalu, tapi pas masih sekolah offline itu jujur suka jadi kek ngerasa males karena jadwal pasti padet bgt klo Senin.",1
246,"jujur ku lebih suka online krn online tuh punya banya waktu buat search materi dari luar sekolah kaya video materi gtu tapi kgn juga sih suasana ramenya offlen dan pasti di offlen tugas ga sebanyak ini, tapiii saat ini ku masih suka onlen ğŸ‘ğŸ‘ğŸ‘ https://t.co/BaDuaXCf9B",1
266,"lebih nyaman sekolah online = pemalas , tukang rebahan ğŸ¤¡
lawak lo badut",1
279,klo gw di suruh milih sekolah offline apa online gw lebih baik milih online karna gw benerÂ² trauma ga punya temen karna fisik gw,1
280,"aku taknak naik sekolah tho, aku dah terbiasa dengan kelas online",1
315,"@brdeunha Taknak sekolah, nak spm online...",1
318,Wkwkwk musowooo ğŸ¤£ğŸ¤£ğŸ¤£ Untung sekolah online https://t.co/EvZ91LOtZm,1
344,@CNNIndonesia @Kemdikbud_RI Saya rasa jgn dulu deh pak nadiem sekolah online sampai tahun depan baru bisa ini covid itu masih berkeliaran...,1
354,"@mas_astronot waktu itu iya tapi dikasi gform pilih mau sekolah online atau offline, tapi kebanyakan isi sekolah online karena kondisinya ga memungkinkan buat off jadinya sekarang masih online",1
372,"enggak, aku murid baru jd blm punya temen deket ğŸ˜” enakan sekolah online gini https://t.co/EOuL2jmqBb",1
400,Tanak sekolah..aku lagi prefer online...tak suka sekolah sebab kene jumpa orang..wait korang tak faham ğŸ˜­ğŸ˜­ğŸ˜­ğŸ˜­ğŸ˜­,1
406,"Online, tapi karna aku osis jadi sering bgt ke sekolah https://t.co/DEKSW1fDNl",1
425,"@mrshananto Gapapa sih sekolah/kuliah online, tapi tolooong bgt gue sebagai mahasiswa yang butuh fasilitas kampus seperti buku-buku di perpustakaan, wifi, dan ruangan bisa digunakan karena terkadang butuh banget tempat untuk ""belajar"" dgn suasana belajar yang sesungguhnya :,,,)))",1
430,"PADAHAL KALO LAGI SEKOLAH ONLINE, MELEK SAMPE JAM 3 JUGA GAASSS",1
432,@schfess pgn bgt offline krn nnti ak baru masuk sma gaenak mosnya virtual asliğŸ™‚trs klo sekolah online biar lebih leluasa aja gtu,1
441,"Entah kenapa dr sblm Pandemi kuat bgt keinginan spy anak Homeschooling.
Walaupun ada yg nyinyirin &amp; ngomongin. 
Untung keukeuh pendirian &amp; anak tetep Homeschooling.
Skrg yg dulu nyinyirin malah yg bingung, anak mau tetep sekolah Online atau masuk kyk biasa.",1
451,makin sini makin gaasikğŸ˜­ makanya mls kalau harus sekolah offline udah deh online aja tp bodoh juga lama lama online haha https://t.co/5Q38kJlXJa,1
456,"@erwinarnada Aku pilih online, sekarang aja aku dibuat ngap2an krn terpaksa ikut ujian sekolah tatap muka, masih 4 hr lagi ğŸ˜­",1
462,"@makhlukcakep Tuker sekolah yok, enak online ni",1
470,@saturnhoon_ dh betah sekolah online ğŸ™,1
473,"@mrshananto Gak ada pilihan remote &amp; hybrid (3 hari ke sekolah,2 hari online) gitu Win?Lgs semua masuk ke sekolah?Bahkan di sini yg hybrid buka tutup,pas ada case + tutup berhari-hari switch to remote,gitu terus apa makin gak tambah stres anak &amp; ortu.Makanya kita udahlah full remote aja",1
481,"@mrshananto Ada juga sekolah,seperti sekolah kami (negeri) yg tetap memfasilitasi bagi siswa yg orang tuanya tidak setuju tatap muka,alias online/pjj",1
489,"kangenn, tapi sebenernya sekolah online enak juga soalnya aku orgnya lebih suka bljr sendiri. tapi suasana sekolah lebih enak https://t.co/2eLxnkTzNF",1
498,"50-50

kangen sekolah offline tapi udah lumayan nyaman sekolah online. https://t.co/WrKHw5oMCF",1
502,"Kek bersyukur bgt walmur dan murid pada nurut online learning dulu aja:"") krn prokes di sekolah pun ketat dan bakal riweuh kalau offline dlm keadaan gini...",1
541,Nggak masalah kalau sekolah online tapi disertai dengan pengawasan yang cukup. Ada kok murid ibu saya yang nggak pernah masuk sekolah online sama sekali sejak bulan januari. Terus anak2 kayak begini harus diurus kayak gimana? https://t.co/MZBICZfIH5,1
559,"@dayatia Usulan bagus, sehingga seminggu cukup 2 hari ke sekolah, mapel selebihnya online,",1
565,"@mrshananto Aku udah ancang2 cari sekolah yg masih memberlakukan sekolah online kalo sekolah yg sekarang kekeuh tatap muka. Males ribut. Tapi kemaren baca berita, Mas Menteri masih mengharuskan sekolah ngasih opsi PJJ kok. Moga2 diwaro.",1
567,tp aku bersyukur sih sekolah online... makanan ku sehat bgt karna ya makannya masakan rumah kan coba kalo sekarang sekolah offline.... BEUH,1
591,"Ya. Memang ada yg kesulitan sekolah online.
Tapi yg gak kesulitan selama sekolah online, apa harus dipaksakan menjerumuskan anak2nya bergabung dg yg bebas keluyuran?

Silakan uji coba dg anak msg2 aja. Gw gak mau anak gw jd kelinci percobaan.",1
618,sebenarnya lebih suka sekolah online tapi guru-gurunya itu lho.. https://t.co/6N4j2B15ck,1
638,"@GhaisanZp @schfess Masih dong, malah makin ambis sih menurutku, siang aku les malemnya bisa lanjut belajar lg karena les doang itu gak cukup buat ngejar semua materi jdnya perlu belajar sendiri lg, kalo ditanya capek engga, paginya aku istirahat jdnya kalo sekolah online aku kyk gak terlalu peduli",1
655,"Gw tim sekolah online sih, soalnya lebih enak belajar lebih rileks ga harus duduk di kursi. Jadi pelajaran lebih enak masuknya.",1
691,@jjhepyr udah nyaman sekolah online ğŸ˜–,1
714,"@rajinbelajaryey udh nyaman sm online, trs ada sdikit trauma sm sekolah jadi males...",1
716,"@rajinbelajaryey nyaman banget asliii ga pengen sekolah offline sih aku krn perjalanan ke selolah jauh jdi buang buang waktu+tenaga takutnya capek di jalan sksk 

untuk saat ini nyaman bgtt sih sama online huhu",1
752,"Kangen lah, tapi sekarang udh nyaman sekolah online https://t.co/5s9UOI4goZ",1
753,"baru tau ternyata sekolah online ini ga semua sisinya buruk. Temen saya jadi bisa manage waktu anaknya yg masih smp untuk latihan balap lebih maksimal, tidak perlu mengorbankan waktu sekolah. Dan membuahkan hasil. prestasi/kualitas naik, sponsor masuk",1
762,"@PartaiSocmed 2 anak bujangku homeskul. Ortu teman2nya pada heran dan geleng2.

Wkt aku bilang bayarnya cm 4jt setahun dan ttp aja online course. Baru mereka merasa kl gw itu benar.  
Krn sekolah yg lama ya bayaran 4jt itu buat sebulan ğŸ˜ƒ

Lumayan jadi budget sekolah bs utk nambah tokoğŸ˜ƒ",1
788,"@M97HA0 sekolah, tapi online",1
820,"@ss_kzz Berarti ke sekolah dong ya?ğŸ˜­ya AllahğŸ˜­
Pliss doa in aku semoga ujian nya tetep online di rumah ajağŸ˜­ğŸ™",1
840,dah nyaman sekolah online ğŸ˜ŒğŸ˜‚,1
860,"sekolah offline gaada olahraga, upacara, ekstrakulikuler, cmn 3.5 jam. sama aja kea online duduk doang beda tempat aja hdh",1
862,"@subtanyarl Pas sekolah offline : anjr, sekolahan gua gini amat dah. Mending online aja dah. (sekolahnya banyak sarang laba laba)",1
877,@xxvminusone korona semoga cpat hlang tp sekolah online terlanjur membuatq nyaman....,1
881,"@jjspotter Katanya gt, udah keenakan sekolah online gw",1
889,"Kalau gw mendingan belajar online di rumah daripada belajar tatap muka di sekolah harus pake masker, belajar pake masker ga nyaman",1
916,akhirnya beli susu murni nasional setelah setahun sekolah online ğŸ˜ğŸ‘,1
927,a @JKXTHVLI msh sekolah online,1
935,Setuju banget dengan ini Sahabat terbaikku justru ketemunya dari pertemanan online dan awet sampe sekarang karena ya interestnya sama Temen2 sekolahku kebanyakan udah lost contact karena udah ga ada alesan buat temenan lagi red Ga 1 sekolah lagi,1
937,Anak SD negeri yang berangkat pulangnya naik angkot bis sekolah gratis could never Dan emang sebaiknya online aja,1
939,Sekolah online seru Gak serunya bb gw naik terus HAHAHAHA,1
943,Msh jg ribut ndakik2 sekolah online vs offline gak yg bela online maupun offline Sederhana aja kok semua ini Dunia nyata jelas jauh lebih baik drpd dunia layar Udh selesai Itu saja Sy lebih memilih pulang sekolah terus main ke sawah drpd kelar kelas online liat instagram,1
947,Kalo mau lebih keren lagi mending dorong aja tuh pemerintah supaya bikin kebijakan di mana tiap sekolah kudu nerapin opsional pembelajaran macam sekolah online atau sekolah tatap muka buat murid2nya Ya mirip2 Univ Terbuka gitu sih cuma konteksnya sekolah,1
955,Perpanjang izin operasional sekolah dokumennya setebel ini Kenapa ya gabisa online aja ya,1
956,gua suka sekolah online gak bangun pagi gak cape cape gua berangkat kalo kek gini gimana gak gila jir,1
969,PGN SEKOLAH ONLINE JHA,1
1024,aku kangen sekolah offline tapi males maunya online,1
1032,Sekolah online resah sekolah dibuka tambah resah,1
1054,pov kamu sudah nyaman sekolah online,1
1055,semoga puasa full sekolah online ya Allah,1
1088,a @02zbiased Aku juga suda sekolah offline tapi karna aku dah nyaman sama online aku jadi nda suka sekolah offline,1
1102,Lebih capek sekolah offline sih tapi kalo sekolah online materi nya gak masuk sksk,1
1108,keanya aku makin rajin sekolah online deh,1
1120,sekolah online kek gini serasa punya private teacher gue,1
1150,mending sekolah online aja kalau kaya gini,1
1187,Andai tau sekolah online selama kelas 12 gak bakal deh beli buku tulis banyak cukup satu atau dua buku tulis doang,1
1190,Sekolah online gabisa keracunan di kantin,1
1214,Sekolah online gak perlu upacara bendera,1
1215,tapi sekolah online ada plusnya juga bisa ngembangin diri cari hobi baru planner tersusun rapi b,1
1224,Di masa pandemi ini hikmahnya semua jadi dimudahkan Daftar sekolah gak perlu berdesakan bisa daftar dari rumah atau dari mana saja Untuk pendaftaran Sekolah Kedinasaan bisa mendaftar secara online melalui,1
1229,Pengen deh sekolah online ku tu pake google classroom aja gausah pake e learning Soalnya ya lebih enak aja di google classroom,1
1249,Sebenernya aku gamau sekolah offline udah nyaman sekolah online tapi kalo sekolah online aku ga ngerti materi sama sekali menurut kalian gimana,1
1259,Guru gak makan gaji buta walaupun lagi sekolah online Gak semuanya ngajar di rumah ada yang masih ke sekolah Gak semua guru punya gadget yang mumpuni untuk KBM online bukan murid doang Jadi jangan cuman bilang guru keenakan makan gaji buta udah tau behind the scenenya blm,1
1276,mending sekolah online,1
1277,Online Samping gw percis nih sekolah offline doank tinggi vaksin gamao ampun dah,1
1282,Enak sih sekolah online tapi gw gabisa belajar kalo online jadi tambah bego,1
1291,dicoret2 doang jaman skrg juga dah canggih knp kok revisinya kaga lewat lgsg di laptop tanpa perlu di print guru2 knp si masi pake cara kuno aja padahal udah satu tahun sekolah online loh,1
1294,Sekolah harusnya bisa online aja seterusnya gak ush tatap muka habisin energi waktu uang keringet trus risiko kecelakaan di jalan dan toilet super busuk plus temen Temen di sekolah tuh gah penting makin banyak temen makin banyak masalah,1
1298,kalo masalah nyaman sih aku milih online tapi kalo sekolah offlinekan lebih menantang ga belajar materi doang tapi softskill jugaa udah lama bgt ga ngerasain dag dig dug karena presentasi di dpn kelas,1
1300,pengennya sih sekolah online aja sebab aman dr virus tapi kok motorik anak jd kurang sedangkan mama e iki sibuk golek duwit ngumpuli bayar tagihan dll trs kudu piyeeeee,1
1307,sekolah online bikin aku punya banyak hobby baru karena banyak waktu luang,1
1309,sekolah online enak cm 4 jam jd byk waktu buat ngerjain hobi lain nilai di sklh jg bagus bisa kerjasama,1
1315,sekolah online enak,1
1316,sekolah online seru jadi gak ketemu temen temen toxic dan gak harus buang waktu buat denger penjelasan guru yg sama sekali gak masuk otak,1
1317,sekolah online makin byk aja duit gw,1
1323,sekolah online enak sekolah online gak capek lebih capek sekolah offline yang bisa 5 6 jam belum eskul organisasi asal lingkungan rumah mendukung sih,1
1324,sekolah online jadi pny banyak waktu luang,1
1325,sekolah online asik kalau ngerti,1
1326,sekolah online bikin w rajin,1
1327,sekolah online asik soalnya kebanyakan guru cuma makan gaji buta dan gue cuma dituntut buat dapat nilai gede jujur ga jujur bodo amat hidup lebih simple dengan motto seperti itu dan aku kita kalian lebih suka hidup simple Kan,1
1328,sekolah gue online kk ji jadi ga disita,1
1334,sekolah online ga buat capek soalnya klo offline bisa belajar sampe jam 4 5,1
1337,Sekolah online bikin aku dari pemales jadi rajin belajar,1
1338,sekolah online gak bikin bego kitanya aja yg males krn sekolahnya di kasur termasuk aku,1
1339,sekolah online bikin makin suka sama matematika,1
1345,ga usah sekolah offline enakan online,1
1354,Bentuk kepedulian Kodim 1426 Takalar terhadap siswa sekolah untuk belajar Daring Koramil jajaran Kodim 1426 Takalar terus galakkan belajar Online di Kantor Koramil dengan menyiapkan Wi Fi gratis dipantau oleh Piket Koramil,1
1363,Hai dek Udah online aja dah,1
1366,sekolah online,1
1370,kenapa harus takut dgn sekolah online takutlah pada kehidupan yg bisa direnggut oleh pandemi,1
1375,Nungguin masnya jawab anaknya umur berapa Pengen tanya cara supaya anaknya bisa enjoy sekolah online,1
1392,a @yockospryn sekolah online gabisa razia gondol,1
1397,sekolah online gabisa tawuran smk 6,1
1407,Offline sebelum berangkat sekolah Online 5 menit sebelum kelas,1
1408,Pagi bestie Semangat sekolah online,1
1412,SELAMAT PAGII SEMUANYAAA SEMANGAT SEKOLAH ONLINE NYAA YAAA JANGAN LUPA SARAPAN JUGAA,1
1414,dulu pas sekolah offline ngga pernah sarapan dann sekarang pas online sarapan terus ahahah,1
1420,Ga salah sih sekolah online,1
1421,Perkara sekolah tatap muka atau online ini kan perkara kesehatan Bukan perkara kualitas pendidikan,1
1423,Sekolah ak niat ga si offline nya Offline sehari trus online offline seminggu online lagi ap mksud,1
1427,Smoga niat baiknya membuka sekolah online gratis utk jadi teknisi otomotif segera terlaksana ya pak Dokter Harley Asal Indonesia di AS Dulu Diremehkan Kini Jadi Master,1
1431,lo ngedrop vsat buat belajar jarak jauh itu jauh lebih murah dan udah mulai dipakai buat menjangkau daerah terisolir itu salah satu solusi dan sejujurnya pihak yang kontra sekolah online ini justru menafikan potensi PJJ dan itu stupid,1
1434,a @ADjem Sekolah offline aja anak2 banyak yang attitudenya jelek mending sekolah online,1
1437,setahun sekolah online GUE LUPA GIMANA RASANYA NGERJAIN PR MALEM MALEM SEBELUM TIDUR,1
1438,Pandemi menyebabkan peningkatan pada penggunaan toko online ojek online sekolah online,1
1446,Aku awalnya benci sekolah online karena merampas waktu kerja bahkan rehatku. Tapi setelah menjalaninya aku jadi tau kalo anak sering stres dgn pelajaran melimpahkan tanggung jawab ortu sbgai pereda stres pada guru itu tindakan pengecut sih Dikira guru2 itu kuat hadepin puluhan siswa,1
1453,Sejujurnya selama sekolah online otak gua jadi susah fokus Gampang ketrigger kalau lagi nugas dan susah fokus kalau diajak ngomong sama guru tiap lagi ngobrol sama org pasti pikiran gua kemana mana,1
1462, Jadi mau sekolah online pak,1
1465,lebih suka sekolah online aja sih,1
1467,aku baca threadnya ngelihat orang2 sekolah online bisa memanfaatkan ini untuk berkembang ,1
1469,kalo online enggak pernah tp kalo sekolah offline pernah kyk ngeluh ngeluh sakit gamau bangun trs bolos sekolah,1
1476,Pas sekolah offline aku sering pake di kelas tapi selama online ga pernah pake lagi,1
1477,sebenarnya ga salah juga klo mau dibuat pendidikan online,1
1483,ak udh nyaman sekolah online trs disuruh offline rasanya malas sekali,1
1485,kalo sekolah online gini bisa kok temen temenku banyak yang kerja termasuk aku,1
1486,Iya sih semua pilihan pst ada alasannya Kalo aku prefer online krn anak bisa tetap sekolah dr mana pun Termasuk misalnya sambil camping dgn teman pecinta alam misalnya asal koneksi internet memadai Agak lebay ya contohnya Atau sambil ngegambar di tamsur deh,1
1494,Anak sekolah online gabisa tawuranya jd lebih bagus gitu,1
1502,okey besok sekolah online lagi semoga si pemerintah ga php lagi mau sekolah tatap muka nanti ya,1
1505,Bahas pro kontra sekolah online offline kalo aku sih pro sekolah online,1
1508,Kayaknya kec krn pandemi justru sekolah online membuat anak bisa tetap bersekolah dr mana saja bukan Ga cuma di rumah bersama ortu kecuali yg msh sd Bisa saja di rumah teman yg punya minat hobby yg sama atau di tempat lain yg menunjang hobby mereka,1
1511,sekolah online tapi tetap bayar penuh iuran sekolah itu niatkan saja untuk membantu agar tidak terjadi PHK tenaga pendidik,1
1515,dah capek ngurus manusia makanya sekolah online aja,1
1516,sekolah online dari gasuka jadi suka wkwkwk,1
1522,sekolah online gabisa kesurupan masal,1
1524,Sekolah udh offline Aku masih mau sekolah online,1
1525,Wajar lah kau bilang suka pendidikan online macem sekarang Di umur sekarang kau sudah bisa mandiri Kau itu bukan anak kecil,1
1536,Pendidikan online pemerintah tolong buat tower dan berikan fasilitas penunjang agar sinyal bisa sampai ke pedalaman,1
1538,Menyadari kalo besok sekolah online lagi gak offline yeayyyy,1
1544,Sekolah tapi online aja,1
1550,Dengan segala pro dan kontra nya tweet ini tp ada hal hal yg menarik dibayanganku suatu saat nanti sekolah beneran bakalan online semua mungkin kecuali yg harus ada praktek nya ttp harus ada offline nya kyk dokter dll Menarik juga prspektif masnya ttg bersosialisasi ini,1
1559,udh mulai males sama sekolah offline mending sekolah online,1
1568,Gue lebih suka pendidikan online,1
1571,semenjak sekolah online jadi bangun lebih pagi buat siapin sekolah online &  mulai hari yang lebih semangat & efektif usahain selesai subuhan jangan tidur lagi,1
1581,Setelah setahun lebih belajar online akhirnya nyaman juga wkwkwk,1
1582,Terimakasih sekolah online kamu membuatku ngomong hal yg gaboleh diomongin,1
1583,Saya yang introvert aslinya happy2 aja sekolah online karena energi ga habis buat haha hihi,1
1589,sekolah pelayaran sekolah penerbangan sama smk2 lainnya juga hapusin aja RI kalo ga bisa adaptasi biar semuanya belajar online,1
1591,Setuju Si bungsu yg extrovert ngeluh2 kangen sekolah offline pdhl tiap hari main scr online sm 3 4 teman kelasnya So sy kontra sm demit nih Sy pro online deh,1
1592,"Sekarang ni sudah masuk tahun kedua covid19, patutnya kerajaan sudah upgrade semua liputan diseluruh negara. Mana2 sekolah yg ditutup boleh akses belajar secara online dengan mudah.",1
1597,btw sekolah online enak juga,1
1600,"a @oohrayeol You're welcome, iyaa dong harus semangat sekolah online nya",1
1611,a @thisisminhosung sekolah online enak kan?,1
1616,"Gue mah mau sekolah online aja, udah nyaman wkwk",1
1623,"@collegemenfess coba jd guru les aja nderr, dulu kan kuliah full ya jadi gabisa kalo ikut parttime gitu2, terus tetangga banyak yg kewalahan ngajari anaknya sekolah online dan akhirnya aku mendadak jd guru les 3 anak wkwk, jadi ngajari pagi2 sambil aku kuliah onlen gituu lumayann uangnyağŸ˜‚",1
1626,kesiapan saat sekolah online,1
1629,"Dulu sebelum online sering lembur terus masih lanjut ngerjain pagi pagi di sekolah, jam istirahat adalah jam tidur siang, seru kalo debat.",1
1632,a @SintaElvhee2_ Yg butuh buat sekolah online masih banyak,1
1637,"Baguslah, banyak case Covid-19 di sekolah sekarang ini, mending online aja",1
1650,"Sekolah Online, mungkin awalnya hanya terdengar sebagai omong kosong, pembelajaran yang tidak efektif, dan juga banyak kekurangannya. Tapi buktinya? Dalam keadaan terpaksa, kita harus menjalani hal ini. Belajar dan mengajar secara online.",1
1656,Astaghfirullah jadi mager sekolah offline pas puasa,1
1657,sekarang kelas online ada juga praktikum (dan mayan seru lah krn bisa bereksperimen),1
1659,Enakan sekolah online,1
1663,@schfess 90% introvert sangatÂ² suka sekolah online karena ga banyak ngobrol sm orang ğŸ‘,1
1670,kenapa sih pada ga setuju sekolah online? Allo aku sih enak2 aja,1
1674,a @fixonpowers mau sekolah online terus :(,1
1684,"Enak sekolah ku. Pelajaran jarak jauh, tes online",1
1692,a @subschfess pandemi gini online aja kak hehe,1
1694,a @yoozaynhereee zain aku mau nangis. Mending sekolah online,1
1696,"ngeliat anak kecil lagi sekolah online tk, didampingi ibunya",1
1697,"lha gimana bang, sekolah online, tapi anak2 pada keluyuran main keluar padahal diluar rentan covid.
baru aja sekolah mulai offline, eh malah ada yg kena covid, mending online aja kan",1
1698,Apa yang menjadi keluhan kamu dengan sekolah online? Enak gini kok,1
1700,Kalian cape gk sih sekolah online? Aku engga sih :),1
1705,"nggak sekolah online aku, tapi pengen :(",1
1881,"Belajar dirumah dalam situasi pandemi covid 19 tentunya menjadi hal yang asing kita lakukan karena biasanya kita melakukan aktivitas di sekolah sedangkan saat ada pandemi covid 19 kita harus berjaga di rumah.
Kita belajar online dengan tugas yang diberikan oleh guru. https://t.co/tQtDN65hux",1
1891,"@starfess tahun lalu awal"" mulai sekolah online stress bgt sampe akhirnya ketemu lagu rapsodi, tenang bgt rasanya sampe gua puter sampe sekarang ğŸ˜­",1
1900,"Gak kok, aku masih pengen sekolah online, cuman ada perlu aja ke sekolah XD",1
23,@schfess dia lg stress grgr sekolah online kah,2
394,kalo sekolah online biasa bergantung sama googleğŸ˜­,2
2, Makanya harus ada solusi. Membiarkan anak anak sekolah online tidak maksimal. Terutama di daerah. Daerah tidak support untuk yang begitu.,2
3,"@cccc0123cccc Dari pada main ga jelas. Anak anak di pemukiman warga di Jakarta main sana sni tidak pakai masker. Kenapa malah takut ke sekolah?

Di kampung aku malah udah merasa ga ada corona. Yg percaya corona malah diketawain. Anak anak pagi smpe malam main. Belajar online ga maksimal",2
4,Gila nambah2in beban bgt ngurusin sekolah online tpi gurune model gini.,2
8,"Tapi sepanjang yg terlihat, anak2 sekolah online, main sebebasnya bergerombol kemana meni no protokol. Masker aja nggak..
Mending sekolah tatap muka, dengan test rutin. Nah siapa yg sanggup lakuin dan bayarin? ğŸ¤­",2
13,"Belasan tahun kita sering nganggep kalau ""sekolah yang paling baik itu online aja, full sistem online, di rumah"".

Sekarang sadar kan, alesan kenapa emang sekolah tatap muka secara langsung tuh jauh lebih baik wkwk. https://t.co/9nLQg5ueZz",2
14,"dipikiran guru sekolah online gini termasuk libur kali, ngga anjg stress",2
15,"mentang mentang sekolah online, tangga merah tetep belajar.",2
19,"@schfess Prinsipku dari kaya gini, terlena sampe sma. Pulang sekolah/les bablas ga pegang buku. Nyeselnya pas sekolah online jadi dikit-dikit burnout soalnya ngerasa salah tempat dan jadi gampang kedistract sm kenyamanan di rumah ğŸ˜©",2
21,"Italia sdh 8 bln tatap muka.
Tp khusus SD krn mreka blm jejeg ngerjain tugas2 online.
Yg ad mlh ortu stress ky di INA.
Anak SMA msh blm krn hrs ke Propinsi La Spezia naik bus.
Ini dikhawatirkan jd cluster br.
Itu pun kesiapan sekolah rombak total keren. Ga ada anak SD kena Covid https://t.co/HEV1WHLp2J",2
24,"2 hari lagi nak bukak sekolah, setahun cuti ni rasa macam sehari je. tapi rindu jugak sekolah sebenarnya cuma homework online tak siap lagi 
â€¢-â€¢",2
30,"@schfess turun, guru w gapernah ngejelasin samsek dari awal sekolah online, cuman di kasih tugas, trus w juga jarang ngerjain krena ga ngerti...",2
38,@pepetrikk @caesar_emil @caesar_emil2 Harapannya semoga pandemi ini segera berakhir supya bisa sekolah dengan normal lagi capek sekolah online,2
39,"cape sekolah online, mau nikah aja tapi sama jeno https://t.co/CRsXe7Uioe",2
40,"Susah emang kalau dah punya mau , bosen sekolah online mulu https://t.co/tlWFd7kbgL",2
42,agk.a temen gua depresot sekolah online ğŸ˜¥ğŸ‘ğŸ» https://t.co/s3urotilQf,2
44,Ngeliat anak-anak di sekitaran rumah ini kaya percuma aja gitu sekolah online yang tujuannya biar pada gak keluar rumah dan ngurangin angka penularan Covid tapi mereka bocah-bocah tiap hari pada main ke luar. Mending pada sekolah aja,2
47,Ga bener banget sekolah online wkwk semoga corona cepet selesai dan kehidupan pulih seperti sedia kala. Kasian juga liat soal2 sekolah anak2 sd/smp sekarang â˜¹ï¸ jadi takut nanti kalo punya anak gimana,2
51,"sekolah online bikin pinter â
bikin stress, depresi, anxiety  âœ…",2
52,"Rindu banget sekolah online, liat anak sekolah pake seragam :(",2
60,Setahun lebih sekolah online. Serasa menyia - nyiakan masa muda...,2
62,"@kumparan Aku siap di vaksin, karena tubuhku butuh kepastian. Supaya tidak diragukan lagi, seenggaknya harus vaksin, dan bisa mengajar offline di sekolah, bukan online lagi ;))))) #BersamaKitaVaksin",2
63,Mulai capekk sekolah online aduh,2
69,"@schfess Saran aku mending  les yg tatap muka aja dehh, soalny manurt ku bimbel online sama aja kayak sekolah online. Tergantung kepribadian masingÂ² nya juga deng hihiğŸ˜",2
70,"sch! boleh kasi kelebihan kekurangan dri aplikasi les online ga? butuh banget, soalnya sekolah online bener bener materi ga masuk otakğŸ¥º",2
71,Adek gua awalnya orgnya ceria bgt ceplas ceplos sana sini gegara sekolah online dia jadi jarang ngomong diem di kamar main mulu trs prnya terbengkalai dan gua tahu sebenarnya dri pr-nya karena prnya gak masuk akal menurutku. Dan persis mirip bgt kek gini https://t.co/ymuQyoyUyD,2
79,@IoIjeki LAH !!!!!!! GUA PERPIS ONLINE INI SEKOLAH GAK NIAT SEKOLAHIN MURID KAYAKNYA !!!,2
86,@emak_rempong338 Krna banyak pihak yg gk tau kelas online ini sangat disukai murid2 krna mereka bisa santai sekolahnya. PR dan ulangan tinggal mencontek di group kelas yg khusus menshare jawaban2 yg ada. Yg gk ngerti apa2 semakin gk paham apapun dri materi pelajaram sekolah,2
87,Klo sayang anak yah harus dukung anak sekolah dengan protokol ketat. Sekolah online cuma membuat murid2 menjadi malas dll. Contek sana sini. Indonesia tdk siap dengan sekolah online https://t.co/3zdBwKreDg,2
89,@rosecalalily @Svastya @nuicemedia Rata2 yg koken yah yg blm punya anak. Yg uda punya anak juga takut sperti saya. Tapi klo diperpanjang yg ada bukannya makin baik krna pendidikan indonesia blm siap dengan kelas online. Yg penting itu pengaturan di sekolah. Selama disipilin dan tegas ya tdk apa2.,2
100,"@Svastya @nuicemedia Yg komen biasanya blm punya anak atau gk tau kualitas murid krma sekolah online ini terjun bebas. 2 tahun sekolah online itu akan buat murid2 jadi semakin bodoh, malas. Setahun kelas online saja uda rusak kualitas murid2 di indo. https://t.co/3HlXMNFQTK",2
101,"@nuicemedia Yg mau komen bla bla bla, lo semua uda tau blm hasil sekolah online sama murid2 sekolah jadinya sprti apa. Setahun sekolah online aja uda rusak kualitas murid2 yg ada. Jadi gk masalah klo mau ada trial dulu. Tingal dipikirkan gmana mengaturnya dengan baik. https://t.co/3HlXMNFQTK",2
104,"@schfess disekolahku iya, karena bimbelnya itu meski udah disediain, banyak malah yang ngerumpi dibelakang kelas, jadi kayak ya yang fokus bimbel tuh emang bener2 niat dan ya kan di bimbel g ada penilaian gitu, ah jadi kangen bimbel, online school gini bimbel di sekolah ku berhenti:(",2
107,aku susah belajar otodidak tolongggggggg susah bgt sekolah online,2
109,"@tvOneNews Logika nya kaga nyambung
Sekolah online cuma provider yg untung... konspirasi lah...
Susah mentri mantan ojol...",2
110,"@jokowi Benar sekali apa isi lagu anak,sekolah harus online,gk punya hp harus beli hp,sedangkan uang susah di cari,dr pemperintah dapat bantuan tp hanya atas nama bantuan tidak sampai ke masarakat,yg kaya makin kaya yg miskin makin susah makan https://t.co/VXzyzQRvAL",2
111,Bisa yak stress sekolah online larinya ke nikah https://t.co/GqkRYw1LyG,2
113,"@mnyamarr Sekolah online, siswanya banyak yg main game, hp. Dan egk belajar d kasih soal seperti ini.. 
Yg ngerjain orang lain. 
Truss generasi kedepan anak"" itu gimana klo didikan orang tuanya egk ada bahkan tak di perhatikan sama sekali.",2
115,"Orang tua ma guru sama2 udah capek sekolah online, yg masukin tugas tiap hari rata2 di bawah 10 murid, jadi program kerja guru2 nya juga ga jalan ğŸ˜”",2
116,"@tanyainrl capek sekolah online, setiap mau daring harus bersihÂ² rumah dulu. . capek banget suka telat absen ğŸ¤ğŸ•¶ğŸ˜­",2
123,"@ridwankamil IKEA diresmikan dan dibuka, sekolah kapan dibuka'y pak?? Belajar dan menuntut ilmu dgn tatap muka langsung guru-murid itu lebih bagus &amp; baik, ketimbang online. Nyaho teu maneh !?!?! Keterbatasan ortu utk jadi 'guru' dirumah.",2
124,cape w sekolah online muluu :),2
129,laptop sudah tidak sanggup diajak sekolah online lagi ğŸ‘ğŸ»ğŸ‘ğŸ»,2
130,Kasian tetanggaku anaknya sekolah online yg ngerjain tugas ibunya,2
134,"@chocamousse Im so sorry to hear that ğŸ˜°sekolah online emg berasa nyapein bgt :( ka caca sering interaksi / deket ga sama adenya? Mungkin bisa lebih sering diajak ngomong dr hati ke hati, atau mungkin klo mau priksa ke psikolog bisa cek treadh ini https://t.co/QFkTo0LgN9",2
135,"Aku males sekolah onlineğŸ˜­ğŸ˜­
Pengen sekolah offline",2
140,"PENGEN LAH MASUK SEKOLAH TANPA MENGUNAKAN MASKER, TANPA ONLINE, MAUNYA OFFLINE https://t.co/UCTdvY1I9Y",2
141,"rasanya patah hati bgt denger adekku pagi ini speak up, kalo selama ini dia ngerasa depresi, takut, sedih, selama sekolah online... aku mau minta tolong buat mutualku yg masih sekolah atau siapapun, boleh bantu aku? aku bingung harus berbuat apa...",2
143,"@Lucky_HS Tp katanya terserah ortu juga. Sekolah gabole maksa. Jadi malah lbh repot, mesti bikin kelas tatap muka &amp; online..",2
144,"Diskursus sekolah dibuka dan ttp sekolah online ini bukti nyoto sekali kalo Indonesia ini lemah bahkan di segala sisi kebijakan yang katanya mengarah ke ""pemulihan"", tapi kok ya jiyan masih ngeyel sama PEN. Pensil ajaib.",2
147,"@dayatia Betul dok,ini lihat pelajaran ponakan 1 sd udah ruwet,bahasa inggris kayak saya 1 smp dulu,mana sekolah online,gurunya males gak kreatif bikin materi .....emosi lihatnya .",2
154,@thoriqmm Kasian anak sekolah. Terlalu lama online dampaknya bisa jangka panjang. ğŸ˜¥,2
156,"@AREAJULID bener bgt, ke warung sering bgt nemuin anak smp/sma yg ngerokok. Mentang2 sekolah online jadi mereka bebas gitu",2
157,"@AREAJULID Iya weh, kemarin aku sempet ke warnet, banyak anak kecil main game online, terus ngerokok, mana omongannya kasar banget :( padahal lagi ngomong sama orang yang lebih tua. Aduh gak tau deh, sekolah online ni anak2 makin liar gak sih?",2
169,"Susah la woi buat test online ğŸ˜­ ada yg tak dengar la, tulisan kecik la. Bagus la jugak esok korang dah masuk sekolah balik ğŸ˜­ğŸ˜­ğŸ˜­",2
173,"@alasxrah di undur undur mulu lelah, mana besok senin sekolah online lagi ksks dan kuota sering cepet habis",2
178,Tidak mengejutkan sama sekali dan bukan soal orang tua tidak teredukasi Covid. Selama ini menyimak keluhan orang murid ke ibu saya yang guru. Problem sekolah online ya krn tidak semua anak dan orang tua punya akses yang sama. https://t.co/8JaXbOgRyz,2
180,Jujur abang karena sekarang TK B padahal umurnya harusnya masih TK A (iya dulu kecepetan sekolahnya) struggling bgt sekolah online. Hasilnya? Ya ga dipaksa sekolah kalo lagi ga mau. Untungnya guru2 pengertian dan bisa komunikasi. Ini kasusnya masih anak TK.,2
185,"@iimfahima Ya, karena klo anak ke sekolah, ortu berkurang bebannya. Selain itu juga bayar sama aja walaupun online

*hasil baca2 di socmed",2
190,"@firdzaradiany Pendapat saya, bisa jadi ortu2 pada setuju sekolah dibuka kembali krn mereka lelah hrs menemani anaknya di dpn HP/laptop/komputer lama2.. Blm lg tugasnya hrs videoin anak, PR banyak. Sedangkan bnyk ortu yg hrs kerja jg. Di sisi lain, anak pun bosen online trs &amp; mulai cranky.",2
191,"Sama kaya sholat jamaah di masjid.. sekolah online pun. Bocah tetep aja maen sana sini. Gada prokesnya. Giliran sholat atau skolah disalahin. tp nongkrong, liburan bebasss https://t.co/80eFVudw1z",2
199,"@Sudiyanto204573 @kemenpendidikan @KemenkesRI @birohukumdikbud Sy tdk ijinin anak"" sy tatap muka sekolah &amp; anak"" sy jg blm mau tatap muka sekolah,sy sdh bicara ke pihak sekolah hal tsb &amp; tinggal bt surat pernyataan sj,ponakan sy ambil S2 di jerman sj msh kuliah online loh prend",2
210,"@Ndev_ita Harus nya sekolah tatap muka, tapi di atur jadwal nya, biar bisa jaga jarak, contoh.
Dari anak didik satu kls 35 org, setengah nya masuk hari ini, besok nya gantian yg setengah nya, pasti bisa lah jaga jarak, dan lebih efektif sekolah nya ketimbang online.ğŸ˜ŠğŸ˜‚",2
218,"Semoga online sampe akhir tahun (bukan sekolah) 
Aamiin!!",2
222,"Setuju secepatnya. Krn WFH &amp; sekolah online gak ada pengawasan. org yg WFH/sekolah online itu gak bener bener di rumah, selesai kegiatan mereka bebas keluyuran &amp; malah berkerumun. keluyuran tsb apa bedanya dgn di ngantor/sekolah tatap muka? https://t.co/C2DEfhwua0",2
242,"sekolah online bikin nilai ku bener2 nurun banget,malu sama ibu :(",2
249,"@loveblemark eh tapi kangen temen"" juga si, udah muak juga sekolah online materi gaada yg masuk",2
257,"@tanyainrl pernah, pas awal"" sekolah online. tugasnya bejibun, kaga di kasih materi, ngga ada meet, zoom atau semacamnya. pas bgt dpt tugas mtk, nangis seharian gue wkwkwk",2
259,@Dychiz_ Bosen dan gk betah meskipun ada enaknya juga sekolah online,2
269,"awalnya aku suka online sih. tpie setelah 2 minggu ini mulai percobaan sekolah offline, ternyata aku sadar klo sekolah offline itu menyenangkanğŸ˜˜ https://t.co/Pel2vgU7fJ",2
290,Orang tua murid menilai sekolah online hanya bersifat satu arah dan berbiaya tinggi https://t.co/3HqyaFKQfy,2
294,"@mengjual bener,,, ga asik grgr skrg sekolah online aja sihğŸ˜”ğŸ˜”",2
299,@mellianshnt @psychoblack Ngaji di panti yg juga pondok pesantren. Ini juga dia udah kelas 9 dan udah daftar lanjutin di pondok juga. InsyaAllah emang perginya atas kemauan sendiri dan pondoknya gak memberikan pengaruh buruk kok. Dia malah berkali2 ditanya dan disarankan pulang. Dia jenuh sekolah online.,2
309,"sekolah online 

tugas
tugas
tugas

pinter kaga, stress iya",2
310,"@aeribase Muda bgt 02, ini karena lagi pandemi atau gmn dari pada sekolah online mending masuk wamil gt y ğŸ˜­",2
313,apakah kalian kebanyakan sekolah online kah jadi kurang pintar @min0rs_bul4y,2
314,"@Kura2_kayang @QaillaAsyiqah Ini @Kura2_kayang contoh korban nyata dari sekolah online,  goblog nya nyata dan jelas.",2
320,"ini aku dulu waktu sekolah offline, tapi kalo online ....ğŸ˜­ğŸ˜­ğŸ˜­ğŸ˜­ ancur https://t.co/ylnVI3qNj5",2
324,"@KompasTV Mau lepas tangan ente @nadiemmakarim  , Dulu yg memerintahkan sekolah Daring atau Online Siapa ?",2
326,"@Hermawan8612 @FiersaBesari Ya deh mas. Tarik ulur yg bagus ya. Yah mau taat aturan pun penyebaran juga tetep terjadi virusnya juga tetep ada. Ya kalo bisa semuanya harus dibuka: pasar, sekolah, dll asal tetep taat prokes. Ga cuma mall yg buka. disini sekolah aja masih online. Bikin anak2 makin gajelas",2
327,"@MDewoyono bener banget wok. gua ngajar di salah satu sd kemayoran, dan masih begitu, ga sedikit murid yang harus nunggu ibu/bapaknya pulang kerja buat ngerjain tugas sekolah. dan akhirnya gabisa ikut kelas online karna hpnya dibawa ortu kerja",2
336,"bestnya semua dah boleh pergi sekolah, boleh pergi campus ğŸ¥² college aku je bodo nak online class sampai covid habis ğŸ˜ƒ",2
339,suka ngerasa terbebani gak sih sekolah secara online gini? â€” jujur aja AGAK SIH AHAHAHAH  https://t.co/PLENlYfG29,2
355,"gw suka bgt baca fanfic lokal trope sma/kuliah offline gitu wkwkwk gara2 rada bete juga sih 1,5 tahun offline terus 1,5 tahun online. berasa denger seminar bukan sekolah",2
363,"@KemensetnegRI Sekolah online demi patuhi prokes
Kerja WFH demi patuhi prokes
Aktivis gak demo krn prokes
Ulama dipenjara krn prokes

Kasus covid19 masih tinggi adakan pesta kawinan super mewah dihadiri pak lurah &amp; pak timbul.. ditonton rakyat se-Indonesia... Pantaskah.... !!",2
366,"Karena banyak orang tua yang gak punya hp, jadi mereka menderita banget selama sekolah online. Banyak anak-anak yang akhirnya gak belajar, tapi main jalan terus. Semua tempat udah dibuka kecuali sekolah, orang-orang udah banyak yang gak peduli virus, yaudah sekalian buka aja. https://t.co/HqbVPJn6QN",2
367,"Banyak yg laper dan gabisa bayar listrik, bingung gadget untuk sekolah online, paket data internet, dan presideeeeeennnnnnnnnnntttt aaaaarrrrgggghhhhh

SHUKAAAKKUUUUUUUUUU https://t.co/AOpitPtdF9",2
370,"@AngelenosLos Yoi betul sekali, itupun saya dapat dari keluhan orang tua langsung ğŸ˜ğŸ™
Meresahkan sekolah Online  wkwkwk",2
376,"@subtanyarl setuju, gue yg pengen lulus tahun ini ngerasain bgt jdi kelas 12 sekolah online tuh gk enak bgt, materi gk masuk samsek, apalagi smk kan ya harus praktek. Jdi kurang efektif bgt belajarnya, nilai si bagus tpi apa yg lu dapet dri nilai bagus klo gak pinter? wkwk",2
381,"@earthssea @subtanyarl iya bener, selama sekolah online jarang banget materi yang masuk kadang juga cuman dikasih tugas tanpa ngejelasin isi materi jadi karna ga paham susah buat ngejawab soal2, sering ga tuntas. makasiiii kaa udah mau jawabğŸ’–",2
385,"@sitiodesy Bener banget, orang-orang pada ga bisa nerima pilihan orang lain jaman now keknya. Padahal banyak kelas pekerja yg kesulitan bimbing anaknya sekolah online..",2
391,"Besok ga jadi sekolah online
WowğŸ˜€",2
396,"@katzen_jammer @BangPitung_AJW Kasihan anak2 SLB, sangat tdk efektif jika mereka sekolah online",2
402,"sekolah online blm sepenuhnya bsa diterapkan di negeri ini. coba aja perhatikan, kebanyakan dari mereka cuma absen online, ikut pelajaran sebentar, setelah itu main game, buka youtube, bahkan ada yg tidur lagi.

ini tantangan buat institusi terkait utk segera cari solusi.",2
403,"@jos_smt mungkin lupa kalo kita negara (belum) maju yg segalanya masih terbatas.. kalo mereka udh pnya solusi yg efektif dan efisien utk belajar online di daerah 3T dan masih benar"" terisolir, baru boleh koar"" sekolah gak boleh buka.. ğŸ˜—
krna konteksnya ""sekolah"", bukan cmn yg di kota..",2
407,pls stress bgt gua sama catatan sekolah online guaa :(,2
409,"Pandemi udah lebih dari setahun kok masih bicara soal edukasi kondisi pandemi hahaha.. Ini udah lebih ke pandemic fatigue. Sekolah online malah sering dijadikan ajang jalan2 liburan jg. Jd poin soal edukasi masy ini gak cocok, harusnya liat seberapa siap sekolah untuk dibuka lagi https://t.co/bav77GFysl",2
411,kalau yg denger dari adek efektif atau nggak itu kurang paham. cuma dia pernah cerita juga kalau online pun yg masuk sekolah cuma beberapa anak. dari 30+ anak yg absen masuk itu kurang dari 10 jadi gatau sisanya kemana. mungkin karna dari itu kaliya sekolah akhirnya buka offline.,2
414,"@sillysampi Bukan cuma masalah sarana aja, tp yg sy ga mau dr sekolah online adalah anak terpapar radiasi seharian. Kecanduan gadget, ga peduli dunia luar, kurang gerak. Lama2 rusak mental dan fisik mrk. Lebih parah efeknya drpd covid yg 99,9% bergejala ringan bagi anak2",2
418,"@OposisiCerdas dulu di jaman eyang komunis gk berkutik,china gk ngeyel,sandang pangan murah..
dulu anak sekolah nyaman,sekarang sekolah online kelar daring kuota dpake game  ğŸ˜¥ğŸ˜­",2
419,KANGEN BANGET LAH GILA stress sekolah online susah banget https://t.co/Mes56wEmVv,2
428,"@h_anasta Soal masker baiknya anakÂ² tak perlu gunakan masker terus menerus, tdk baik utk kesehatan. Soal belajar online, memang rataÂ² seorrti itulah keluhan ortu, anak jd malas belajar, makin banyak bermain, malas mengerjakan tugas sekolah.",2
444,OnlineğŸ˜­ gw nungguin bgt kapan sekolah offline https://t.co/kTA8KolT3Z,2
453,"@CemaraJauh Tapi emang problem banget masalah sekolah online. Termasuk Ibu Gw yg ngajar Paud ğŸ¤¦ Sebelum vaksin, Ibu Gw kedatangan murid2nya. Karna kangen sekolah, ketemu Gurunya... Alhasil, sama aje pada ngumpul di rumah Gw ğŸ¤£",2
454,"@Akira_UBB @subtanyarl Klo di sekolah ku PKL nya online,  aku nanya ke dekel,  dan sbrnnya kurg enak juga klo online, mrk gk ngerasain ketemu langsung org yg kerja gmna",2
455,"Harusnya dijelaskan alasan orang2 mendukung karena apa, pasti faktornya banyak. 

Tidak semua orang punya privilese buat dapet fasilitas pembelajaran online yang baik. Ditambah banyak sektor ekonomi yang bergantung dengan hadirnya siswa ke sekolah.",2
493,"Ibuku jelas mendukung sekolah offline karna ibuku  sama bapak sama-sama bekerja. 
Paas denger ibu cerita sekolah online itu capek banget rasanya tu kaya ğŸ’” https://t.co/7ZMDrZAQma",2
507,"@firdzaradiany Sekolah online,tapi anak3 bebas main diluar rumah..
Ellehh.. sama juga boong,ya mneding sekolah tatap muka.",2
514,"@firdzaradiany @kamilmoon @neserike @anonblobfish Beres sekolah online, anak2 langsung keluar bermain bareng temen2nnya, kumpul2, mabar game online.
Jadi ya percuma sekolah ga tatap muka juga anak2 mh tetep kumpul2. Mending sekolah tatap muka aja jelas mereka kumpul2nya ada yg ngatur.",2
518,"Yaelah....
Pada sekolah online lun tetep pada kena, sekalian aja sekolah tatap muka dgn pembatasan kapasitas kelas https://t.co/i8a7mwNWDW",2
519,@firdzaradiany @anamjb82 @kamilmoon @neserike @anonblobfish Soalnya sekolah online tidak maksimal...,2
521,"memang gegara sekolah online belajar jadi sesuai mood, tiba"" aja gue kangen nyatet panjang sampe tangan pegel banget",2
528,@sisyphuuss Sekolah online jatuhnya malah kebanyakan main.,2
529,"Gw awalnya juga parno sekolah offline, tapi makin lama makin gak efektif. Apalagi buat anak usia sekolah &gt; 11 tahun. Gw lebih parno liat anak2 ini menuju depresi terselubung gara2 kelamaan sekolah online. Beda sama anak yg dari awal udah homeschooling ya.",2
548,"@iimfahima Karna beban ngajar sekolah online cukup berat, gap antara kurikulum skrg sama ortu jaman dulu pasti beda. Belum tentu semua ortu bisa. Aplgi kalo punya anaknya 2 atau lebih, sekolah semua. Bagi waktu antara anak pertama, dst. Apa semuanya bs memenuhi gadgetnya? Beli kuotanya? ğŸ˜¢",2
552,"@F2aldi Setelah saya tanya beberapa ortu, emang pada setuju, dikarenakan banyak anak yang kesusahan sekolah online dan rata rata yang sekolah ortunya bukan anaknya - konteksnya di SD",2
560,"Selain itu, ga semua org punya akses yg memadai buat sekolah online, internet &amp; hp, misalnya. Jadi ga kaget kalo ngeliat hasil kaya gitu. Mgkn ortu jg udh muak sama beban yg trs nambah tp keadaan ga makin membaik~ ngeliat pariwisata dibuka, cafe buka dmn mana jg ya gmn ga geramğŸ™„",2
562,ga ngerti sama yg blg jgn dulu kyk gimana ya sekolah online tuh ga bkn paham malah bkn males bgt deh capek jg mata lht laptop mulu https://t.co/umJ0agDlym,2
573,"Belum lagi sistem pendidikan kita yg memang tidak mendukung bagi semua kalangan.

Sekolah tatap muka aja msh banyak diskriminasi, gimana online?

Jujur, saya setuju dengan pandangan ini.

Dan pemerintah pun, Mas Nadiem terutama, memikirkan sampai sini. Makanya ada putusan baru. https://t.co/ZN0mbuLB2W",2
586,@hiyatttt Itu tadi lo udah males. Mending sekolah offline ketimbang online giniğŸ¥º,2
615,"@wisanggeni_11 Sdh baca semua twitnya, dan sy sgt setuju. Jgnkan di daerah, di Jakarta saja, banyak kok yg mengeluh ttg sekolah daring ini. Makanya saya dukunglah kl sekolah masuk lg. Sekali2 kl sdh diputuskan, mau netizen bawel, jalan trs saja. Biarkan yg bawel sekolah online sendiri.",2
623,bosen ya sekolah online trus,2
625,"Ayo dong cptÂ² sekolah offline, gw dah capek banget sama tugasÂ² online ini",2
671,udh males bngt sekolah online kek gini dah ah https://t.co/WEGMsMaWHM,2
702,Secapek capeknya sekolah offline lebih capek lagi sekolah online. Dan se stres stresnya sekolah offline JUAAUHH LEBIH STRES SEKOLAH ONLINE,2
713,yampun pgn cpt cpt sekolah offline muak bgt online. malesnya gua udh susah di kontrol bgt,2
719,aku pgn sekolah offline :( stress gue online,2
749,"@Zorrohero88 @nung_306 Disisi pendidikan jg kurang begitu efektif, kasian anak2 kita. Dlm sekolah tatap muka aja belum tentu semua murid bs memahami pelajaran dg cepat, apalagi sistem skrg sekolah online, syukur kalo ortu bisa dampingi anaknya soal pelajaran sekolah, kalo tdk kan jadi kasian muridnya",2
773,@jaeyunhypen sjdjs tpi lbh suka sekolah offline jga si dibanding online,2
785,"Jenuh banget sekolah online :( 
Kalian jenuh ga sih? Atau malah lebih suka online?",2
819,@hollup_ ih bener :') mana klo dah libur rasanya jadi males balik sekolah online ğŸ˜­ğŸ˜­,2
821,"@schfess of course offline, karena lebih paham, sm sistem penilainnya lebih adil dibanding online skrg ini. pokonya i need sekolah offline ğŸ¤¬ğŸ¤¬ğŸ¤¬ğŸ¤¬ğŸ¤¬",2
830,"@schfess PENGEN OFFLINE. kl online tuh bawaannya pengen tidur terus, jadi males, kalau di sekolah kan lingkungan nya emang buat belajar gitu",2
878,a @sch! menurut kalian bisa ga ya bimbel tuh bener bener efektif? soalnya semenjak sekolah online gini materi jd bener bener gaada yg masuk dan mau beralih fokus di bimbel aja,2
892,"Yaaa maklum lah sekolah online kerjaannya abis absen terus tidur, jadi tololâ˜¹ï¸ https://t.co/wsM69DC0lC",2
894,tak paham sia orang yang kabut nak sekolah ni like?????kau tak bosan ke sia duduk rumah setahun dgn online class je ğŸ’€ğŸ’€ğŸ’€ğŸ’€,2
924,Duh cape banget sekolah online pengen nikah aja,2
930,Gak kerasa setahun lebih sekolah online sekarang udah mau lulus waktu terus berjalan tapi otak gue berasa ngestuck,2
936,Aku sebagai orang tua setuju sekolah dibuka kembali untuk tatap muka Belajar onlinepun juga ga bisa dampingi anak karena kerja mulai jam 8 30 pagi pulang jam 4 5 Si anak juga susah mencerna belajar online anak stress susah ngikutin pelajaran yang ga semua guru komunikatif,2
946,mana sekolah online ga ada yg msk di otakku,2
948,a @SoundOfYogi Tapi di sekolah juga belajar berteman belajar berinteraksi langsung Mungkin hal tersebut bisa dilakukan secara online tapi IMO output nya akan berbeda Bacaan jurnal untuk referensi,2
950,capek gasih woi sekolah online aku capek pelajaran gamasuk otak semuaa,2
951,pas online gini sebenernya malah anak sekolah lebih berat dr kuliah ga sih gue baru ktemu sepupu gue yg smp dia sekolah online dr jam 7 3 sore istirahatnya cuma 30 45 menit sama kua jam sekolah biasa sementara gue yg kuliah cuma kelas jam 10 1 terus rebahan,2
959,Sekolah Online di Rumah Jenuh,2
961,Sekolah Online Tak Bisa Dicerna Otak Anak,2
965,Karena kan belajar di rumah kurang efisien sekolah online tidak bisa dicerna di otak dia Kalau sama guru kan bisa fokus sambungnya,2
975,Kapan sekolah offline Gabut banget kalau sekolah online terus gak seru,2
977,Sekolah offline aja ga paham Apalagi online kek gini Makin goblok aku,2
978,Kemarin online di rumah jenuh lebih seneng di sekolah ini disuruh bapak disuruh belajar pakai masker cuci tangan,2
979,Sekolah online berasa joki nugas tiap hari ngalirr mulu tugasnya Dapet duit gak tapi malah makin ngerasa bego,2
982,a @WATANAHARUT0 setuju tp klo sekolah online gk dulu alias males anjir disuruh bikin video,2
985,a @orgillllllllllllllll sekolah online bikin boros muluuuuu kuota gue baru beli udh mau abis lagi,2
986,Anak tetanggaku sdh males belajar online sehingga ibunya memberikan pilihan mau sekolah atau tidak anaknya pun menjawab MALES,2
995,Kegiatan sekolah online yang sudah 1 tahun berjalan memang banyak tantangannya Kondisi fisik dan mental anak banyak yang mengalami penurunan Entah itu obesitas motoric skill anxiety disorder anti sosial dan kecanduan gadget,2
1002,fuck it sekolah online emg enak tapi gurunya males2an bikin soal sama2 aja tp gapernah dikasih tau nilai dan gapernah dibahas jawabannya enak ya gaji buta,2
1011,bosen sekolah online rasanya pengen tidur aja,2
1021,knp sie ribet bgt sekolah online,2
1039,Ntah kenapa anak2 jaman sekarang yang sekolah online cenderung jadi malas ya Karena tugasnya direkam jadinya sekali take doang Trus minta diedit Kalo sekolah tatap muka mana bisa,2
1062,Sekolah Online Engga deh ya Cukup aja deh Mending buat yang laen aja deh Nanti saja kalau ada rejeki lebih insyaallah jika Gusti Allah mengijinkan pingin kuliah beneran masuk kampus lagi aja Mencari ilmu sekolah itu ga pandang umur kan,2
1072,sekolah online bukan nambah ilmu malah nambah fandom nambah miskin juga,2
1105,Banyak banget si pro kontra sekolah mo offline Aku bisa pro karena aku juga sekarang daring jurusan aku ada mata kuliah praktikumnya praktikum online gwe mumet gais ditambah daring ini keknya hampir semua mata kuliah ada tugas setiap pertemuan Ada pretest dan postest juga,2
1107,Sekolah online bukannya paham materi sekolah Eh malah paham live hack ngerjain tugas,2
1116,sekolah lagi penat siak dari online class,2
1129,Kelamaan sekolah online,2
1131,Emang dikira pas sekolah online gini anak2 SD pada di rumah belajar gitu Kaga pada ngarak ondel2 itu anak bocil Kenapa Ya di rumah juga kaga sekolah online ortu kerja kaga ada kegiatan jadinya ngarak ondel2 jadi manusia silver,2
1156,selama sekolah online aku ga pede sama kemampuan diri sendiri wkwk,2
1175,setidaknya kelas 12 bolehin lah anjirr muk jadi apa gua muk ke univ apa gua kalo online gini gak semuanya bisa les int3n g0 hikds gua minta brain acad ru4angguru aja udah misuh2 insekyur woi pak anak luu sama temen2nya enak bisa belajar di luar sekolah yg pengajarannya jelas,2
1181,14 pengen sekolah offline dah cape online trus,2
1192,sekolah offline ditambah online bikin tugas makin banyak,2
1216,selama plp kmrn gue emg ngerasa sih sekolah online kyk gini jd bikin siswa seenaknya kalo diajak ngezoom gmeet blgnya cuma ada kuota chat pdhl sbnrnya mereka udh dapet kuota belajar trs kalo dikasih tugas juga yg ngumpulin tepat waktu cuma bbrp orang,2
1237,ih jujur gue selama sekolah online gapaham apa apa takutnya ntar pas masuk sekolah heha heho doang,2
1238,Kurang menantangnya sekolah online adalah tidak adanya kesurupan masal,2
1241,Sekolah online dengan regulasi yg amburadul Ditambah pergaulan bocil2 komplek penggemar FF Sering ngegas ke orangtua bebas akses internet tanpa pengawasan terlalu banyak menikmati konten tik tok Kekhawatiran semakin menjadi jadi Menurutku pola ini sangat tidak baik untuk,2
1242,ya gitu deh pendidikan di sini aku gak kebayang yg udah sekolah negri online pula,2
1245,punya dendam kesumat gw sama sekolah online,2
1246,sedih banget lepas johnny sama jungwoo tapi mau gimana lagi butuh buat keperluan sekolah benci banget sekolah online,2
1256,SEKOLAH ONLINE YA ALLAHHHHHHH MEREKA AJA KIRIM SURAT MASIH PAKE BURUNG,2
1262,Kalau sekolah tatap muka dianggap tidak efektif sekolah online LEBIH TIDAK EFEKTIF,2
1266,Sekolah online guru semakin seenaknya sendiri tugas brak bruk ga di kerjain auto nilai 0 Absen telat kena alfa materi dari YouTube semua maksudnya apa anjir Ga semua anak ngerti materinya seengaknya di kasih materi sedikit lah di GC nanti lanjut YouTube juga bisa Lah ini,2
1285,sekolah online gabisa kesurupan masak,2
1293,dari sekolah online kita tidak belajar,2
1301,sekolah online gini bawaannya overthinking mulu dah heran,2
1305,Jan bilang sekolah online bikin pusing ga masuk masuk kalo pas depan laptop kerja lu puter musik ngegame tidur doang Gimana masuk kalo otak lu ga fokus,2
1306,Semenjak sekolah online ga pernah ngerjain tes secara jujur,2
1308,asli dah sekolah online nilai makin jeblok makin goblok,2
1310,Kasian banget sih adeku ngerasain masa SMA gini amat Sekolah offline cuma 1 5 tahun 1 5 tahunnya lagi sekolah online Sekarang mau haflah Haflahnya juga online,2
1312,iya wkwk susah nya itu sekolah online,2
1313,sekolah online emang paling males,2
1314,sekolah online bikin aku makin stress karna makin banyak waktu luang tanpa ada temen pikiranku makin liar,2
1332,HERE sekolah online ga asik padahal kita semua sadar online school ga sepenuhnya mendukung pemerataan edukasi karena cuma yg punya fasilitas yg bisa belajar dengan efektif dan tetap bisa jaga pace mereka yg g ada susah bukan mustahil ya cont,2
1333,Bikin sekolah online bagi anak anak yg gak punya gadget Kan selama pandemi segala kegiatan belajar mengajar melalui zoom kan nah gak semua anak punya gadget kasian kalo harus minta ke orang tua Nanti konsep sekolahnya kaya warnet aja dibikin bilik bikik,2
1335,Sebenarnya yang bikin males sekolah online tuh tugas ngrangkum nyalin yang banyak poll Gak tanggung tanggung kalo tugas nyuruh nyalin,2
1336,subschfess sekolah online flop,2
1355,kenapaa aku maless sekali mengerjakan tugas dan tidak ada mood untuk mengerjakan tugas dan tidak mood untuk belajar online lagi dan pengen sekolah offline dan aku udah lelah dan terimakasih,2
1357,ya Allah semoga pada milih setuju udh capek banget sama sekolah online,2
1369,ini anak sma yang sekolah online kasihan bgt gabisa lihat pesona kaka kelas cantik wkwkwkw,2
1372,capek bgt sekolah online,2
1377,Hasil dari siswa yg sekolah online Mau jd apa coba generasi milenial ini Mereka bukan lg butuh proses mereka cuma butuh jawaban Terus guna sekolah apa Kalaupun terus akan sekolah online sih fine tapi kalau sudah offline bagaimana pasti terlihat kan betapa tdk mengertinya mereka,2
1379,SEBELUM CORONA GUE GK PERNAH OVERTHINKING SAMPE NANGIS TP SEMENJAK CORONA GUE SENSI BGT YA ALLAH PLIS KANGEN BGT SEKOLAH OFFLINE KETEMU TEMEN KEK TIAP HARI TUH ADA AJA KEJADIAN YG BIKIN MOOD NAIK GUE JENUH BGT ONLINE SCHOOL PLSZZ,2
1382,Banyak Orangtua yg masih anggap tugas pendidikan anak ada di sekolah padahal yg utama ada di orangtua Jadi nemenin anak sekolah online dianggap nambah beban karena tugas guru sebagian pindah ke orangtua perkara sarana laptop pulsa dll itu bisa diusahakan kok asal niat,2
1385,Gue jg salah satu org yang ngerasa capek bgt sekolah online tuh di situ2 melulu kadang ngerasa susah sendiri Juga salah satu orang yang fasilitas di rumahnya dulu terbatas dr gak punya wifi meja amp kursi belajar yg proper dll smp hrs upgrade bnyk hal demi pembelajaran ini,2
1387,gara2 skolah online jarang ke sekolah,2
1388,Fufu sekolah online memang boros kuota belum lagi Bocchama selalu tertidur ketika ekhem maafkan atas ketidakjelasan saya,2
1395,awali hari dengan sekolah online stress anj,2
1402,Beberapa sekolah di desa yg gk punya fasilitas sememadai itu dan jumlah murid lbh banyak mungkin terpaksa sekolah tatap muka karena lebih gk memungkinkan untuk muridnya terus sekolah online,2
1403,Egois sih kalau meminta sekolah online diundur hanya karena satu kondisi seperti usia ibu anda Gak semua anak dan sekolah siap sekolah online Apa kabar guru yang harus pergi ke rumah satu per satu muridnya karena gak ada fasilitas online,2
1406,Sekolah offline 10 jam its okay tp klo online 45 menit sj sdh resah bjir pen cpet kelar,2
1410,kenapa udah sekolah online gini masih aja ada lomba lomba ini lomba kartini disuruh buat video lagi kan males,2
1416,gua aja tau tanggal prediksinya dr twt ebook catatan dari twt bener2 ga terlalu diperhatiin ama sekolah taunya sejak online emg sistemnya bobrok,2
1417,sekolah online jadi gapunya duit,2
1418,Sampai kapan sekolah online terus Iyo anak anak jadi bodoh dan kurang pengalaman,2
1428,Online class isn t any better buat anak2 kampung yang sekolah di negeri dan gurunya cuma modal WhatsApp buat ngasih tugas doang selama setahun terakhir Sejauh ini kerasa banget kalo sekolah tuh bukan cuma buat dapet materi doang,2
1432,a @trendingtopiq Enaknya sekolah offline dapet ongkos jalan @patopiq Sekolah online mana bisa,2
1433,Wuidih perdebatan tentang sekolah online dan offline semakin memanas Saudara saudara Untuk ortu no comment saya lebih suka membahas pemerintah Pemerintah sebagai pemangku kebijakan harus sudah siap dengan INFRASTRUKTUR sekolah offline di era pandemi,2
1436,a @soiletitgo sadar ga sadar tapi gue udah mulai stress mengarah kesana pas sekolah online sekarang ini,2
1440,Kenapa sekolah ku tidak tolong yayasan angkasa saya mau tatap muka saya eneg ngajar online muluk,2
1442,sempet sekolah online hampir tiap malem sampe pagi gaatidur sii,2
1449,Mari kita menabung tapi gua kagak ada pemasukan gara masih sekolah online Nabung apaan,2
1451,Sama banget nder kalau aku doyan nya rebahan karena ke goda liat kasur jd biasanya kelas online tuh sambil rebahan jd ga fokus trs megang hp juga kan ya itu jd kemana mana buka sosmed lah atau game lah bikin ga fokus deh pengen cepet cepet sekolah offline biar fokus,2
1454,Sekolah online banyak mudorotnya,2
1458,Wkwk bukti nyata thread sebelah kalo sekolah online ga begitu efektif khususnya buat anak kecil,2
1459,rasis dimananya sih konyol gausah dah marah marah sama user tiktok soalnya bocah yang otaknya 404 not found kelamaan sekolah online,2
1460,udah jago utbk sejak kelas 10 wkwkwkwkwkkw kalo yg sd sekolah online aja ribut apalagi les online,2
1463,iya sekolah online flop,2
1464,Agak kesel karena kesannya dia ga peduli sama mereka yg punya latar belakang ga mendukung e g keluarga ekonomi Dan seperti yg lo bilang sekolah online meningkatkan potensi kecurangan meanwhile guru2 ga begitu peduli sama hal itu,2
1470,gara gara sekolah online mataku jadi sering sakit dan gampang pegel,2
1473,semangat chal derita sekolah online HAHAHAHA,2
1474,banyak ekstrakulikuler yang gajalan karna sekolah online anyway lu kira sekolah cuman teori eksplor terus ujian apa ada yang namanya praktik lu pikir praktik kimia cukup disokong internet sama duit doang kagak ya,2
1475,Ambil master kah inii Aku ga kebayang bisa kuliah sekolah online Tiap ada zoom meeting aja aku cpt ngantuk Moga2 akhir taun ini semua udah membaik yaa,2
1484,Iya klo yg tk b kasihan pas mau calistung Belajar baca juga susah Mama2nya yg stress jadi kribo mbak dirumah Saya paham soalnya teman saya ada yg bgtu Sekolah online itu kasihan matanya aja,2
1488,kangen sekolah semoga kenaikan nanti udah ngga online please banget,2
1490,justru yg sekolah online ini yg paling berat yah kelas TK Krna kan banyak prakarya,2
1499,Gua ga merasa terlalu miskin fasilitas buat sekolah online memadai tp ya enakan offline karena pas belajar ga ada yg tiba tiba nyuruh pekerjaan rmh si wkwkwkwk kyk ga ada mode on off nya mesti fokus kemana,2
1500,sebagai pelajar gue sendiri ga setuju online kaya gini pelajaran kaga ada yang masuk guru juga jd lebih males cuma ngasih tugas materi pun banyak yg ngambil dari yt bahkan ada yg ga ngasih samsek sosialisasi sm orang lain jg jadi minim bgt pas sekolah ada event,2
1504,Krna dia uda gk mau menghafal lagii sudah malas buat belajar Jadi maunya instant Tinggal tanya Ini hasil sekolah online Indo blm siap dengan sekolah online,2
1507,efek samping sekolah online mata minus dan merah sakit punggung kaki keram,2
1517,waktu masih sekolah offline biasanya pagi pagi udah ngobrol di kelas sambil sarapan nasi goreng ibu kantin ini pas sekolah online boro boro ngobrol sama temen mic aja dimute terus kamera kadang off hadee rindu,2
1523,pengen gap year terus kursus bahasa setahun full tapi takut jadi beban emak gue kesian tapi gue juga gak mau kuliah online gue udah cukup dengan sekolah online,2
1528,Serba dilema Siswa di sekolah ibuku berbodong2 ngundurin diri krn kita bertahan belajar online Fyi di Kabupaten ga semudah itu orang tua bisa ngerti zoom banyak org tua yg ga sanggup ngajarin dr rumah perjuangan banget,2
1530,Ini kejadian sih kan sebentar lagi penerimaan siswa baru Ada calon siswa yang ortunya ga mau kalau sekolah online Karena keterbatasan hp yg canggih nggak semua anak punya fasilitas yang sama,2
1532,Gak semua lini pendidikan bisa dibuat online pasti ada saat dimana praktek & tatap muka harus dilaksanakan secara langsung apalagi yg bersekolah di sekolah kejuruan Fasilitas online bagus tapi memaksakan pendidikan online bukan cara yg baik,2
1533,akan sangat menyengsarakan masyarakat kalangan bawah kalau pendidikan formal full online meskipun sekarang pendidikan terlalu mendewakan sekolah dan menafikan pendidikan informal keluarga yg notabennya orang tua adalah penggerak pendidikan pertama,2
1537,sekolah online ga tambah pinter malah tambah fandom alah sia dude,2
1539,Sekolah online muluk kasian adekkuuuu,2
1540,Ini gegara sekolah online jadi ga keliatan,2
1541,ini sekolah online jadi tiap hari ga dapet uang jajan,2
1554,Pakar pendidikan luar negeri juga menyarankan buka sekolah dan perbanyak vaksinasi serta pengetatan prokes kesehatan Makanya gua diamin aja jika masih ada org yg nyaranin tutup sekolah dan selalu online,2
1556,Pasti Yg ngomong sekolah jangan di buka itu ga tau bahwa kualitas anak sekolahan sudah banyak yg menurun akibat belajar online,2
1560,dibanding full online gue lebih seneng sistem hybrid yang diterapkan lo tetep dapet suasana kelas makanya ini make sense sekolah ttp dibuka plus penguatan jaringan,2
